Feature1,Feature2
4.625182708811804,0.8964644381577342
1.9146174017195037,5.889592214460276
0.48593495645910245,5.208400349857082
0.7503580281452145,0.7439045143395842
-9.124577496382297,-7.301925774125517
3.7634388781675376,2.232919991439102
-5.478288717159502,-6.574804581314491
2.3693026075535575,7.107811723813982
-2.1538532905752588,9.327552454814189
-2.6017196743496753,9.423668497978294
5.536631162376016,2.70561400246089
4.694565044112678,1.1912492668137515
2.726565645674861,1.2539196563962047
1.35963258172701,4.920969737227522
-8.880313945232365,9.448483678261315
-9.144300417541036,9.128314501797929
4.073560597280781,3.2799104003015715
-12.019491526707625,8.633331137805657
-7.660398274097463,-7.464660053793581
2.902177626431312,0.28421315468886577
2.7517760465240224,4.385382503708539
-9.683540185287322,5.6333693598624315
-4.92528853646572,-8.536231343133815
-9.946207651969095,5.701501388759103
-2.075234392995589,8.240142422672172
-7.8505230558817125,7.4115044761247875
-4.103020881730867,9.25051961124127
-7.985175794791821,7.8566388892819505
-6.760428424636199,-5.9784450452298
4.50243102192496,3.458549258308886
-1.5341666361797126,10.641774162483308
-4.369993740332109,9.096561697965555
-0.8258444499294313,7.3320648528475845
1.4795326517652836,1.2527963639661608
3.031072493650645,3.3783027807580397
-2.5956097689491506,10.21852560566875
-8.217136932073062,6.452630339714545
4.6692910453388325,2.570767633435272
-9.126718234425772,6.873737946439186
-1.6230377270582577,9.219928065626286
-8.531092075459359,8.50275209623332
5.257936059795359,6.596447472726397
-3.3215040234199007,9.748297674807363
-6.619580442701596,8.675400950956012
-3.598826513678203,7.319521686595972
-6.187758835484351,-6.506609407823703
-2.389615984947581,8.410115343258882
-12.074591728165895,7.2583690756773285
-7.674775701886286,-6.1953911909641555
-6.474503996661028,-7.374361952622907
-5.834277547033239,-7.271337831877356
-0.735724769362931,8.392361866269944
0.8619288631091202,4.1041979285505334
4.261555742659687,2.883932748532653
1.2570122537625965,3.524255209918728
1.2745316031544585,3.494879012928603
1.7256873758394593,3.3430704583235507
-8.05308896901114,7.256821310406157
-9.271487155618907,8.714718679535801
-8.557908279734239,-6.204546509247262
-7.412779103242604,-6.427349001622124
-2.525394292738271,7.745033013451241
1.2869538062829122,3.696209683997728
-8.720564196034017,-5.346897406997735
-1.353146267959564,9.509623240522119
0.7968208543073199,5.011479292680133
2.802541648414569,4.042440519385649
-6.14262715109916,-5.971100341219181
2.265807859885735,2.3425586179242304
2.176025532757123,3.344189566951052
6.029611884428183,2.923164916696255
5.784680952419944,2.7548391855076897
2.3427605539072864,5.229008510669034
2.209707732238973,2.196914861664045
1.8217585384839505,4.337507979640896
4.933838721558569,1.3648378734953763
5.780387442051362,1.2808852971458484
-0.2702682096790423,9.582885633292467
-9.710892367625853,7.026500552836898
-5.438170484554536,-7.369800040901808
-5.076798728636037,-6.791195856772217
-2.236245701527795,10.582857433337235
3.845735078506036,2.9960896856962007
-8.468965633965539,5.271320844310752
-8.65393068608708,-5.507604741427632
-9.465595381258858,8.58233398650297
3.6532143615483834,2.265594337731027
5.049986007160693,4.224574690999795
-1.559959286601094,7.923021182444635
5.135396581358851,1.2967002205759623
2.965260425245174,4.6720006300628665
-5.8767966566731005,-8.235757818865089
3.4620684549705603,2.5276938530566566
-8.697856465789533,-5.239860472342517
-2.0755228964426533,10.859930007957484
5.458222401782058,1.6008495760285848
-3.045015565533175,10.041964681386489
-7.544006357567889,-8.317563064382565
4.878750470916265,1.2529094313501785
2.1818638438404268,3.321306577993901
1.4865798974035418,4.394359547398878
2.0179771879554935,2.7714139288898574
-2.8036633622561946,8.109802730969335
7.199518885815621,-0.36933567548627
-2.552188869984692,10.891858515175128
-6.95892294952805,-8.333329032990894
-6.487314342634275,-7.143030227846584
-5.051878298427681,-6.233417540854356
-3.184970221004985,-5.536619699554454
-6.531897362875575,-4.38962863490142
4.238264630121375,2.877349836329526
-2.0798527906348103,9.687227559840203
4.457736722185402,2.679150331722224
3.7269053324520014,3.4765560034215373
-8.2995374063502,-9.327188206588067
3.758673696088655,4.397317287734799
-8.614207639263517,6.417063396674716
-8.816207036957538,7.740620961932708
-5.0182448205242425,-6.741300032124516
1.518076054349147,3.8233100252883
-8.885793941263996,8.141323752345853
3.9009290699453842,4.082551242633324
1.8099635618713164,3.2034948624747646
1.2574356820963546,5.588271393249971
1.4876972091832497,5.90551292846215
-8.037535343847395,-6.056847841277819
-3.525350084734836,7.196469458575284
6.5430990156025235,0.48779108534851323
-7.787248085492434,-8.586814044793156
2.5503175749281746,3.5589864866977754
4.908789814400602,1.988280564878886
-10.009375660208809,8.58789307142811
1.9675970152375784,4.453458895108139
-8.348424449778644,5.280422590413295
3.63221262561117,1.2538985094079056
-8.571767230675555,6.749024569502531
-6.9548421078790765,-5.733938808674461
4.776099650529599,2.7677264933659877
1.2106294723930522,6.322580075413887
2.321560655317082,6.054395491637078
-6.661387685081076,-6.582244889715543
-6.793747706487999,-7.453298529394087
-9.868357092853467,8.163894770789494
-8.444990591757094,-6.076502534679901
-5.7682141341133,-4.58880962471179
-10.304881127306345,8.179121031705568
1.9629437832812562,4.971234946520833
-6.2785265660020135,-8.053175887034207
-10.135595605125925,8.587306339498188
2.2516191164880595,4.217175413708287
-5.766226310713456,7.208251035829123
3.728919642363664,2.153642227712181
-2.392704563835102,10.17666011683779
-1.1378102456347257,9.91660576742245
-1.882867744312473,9.370667736078145
-5.903425381095818,7.478588333868976
1.3560608028323378,6.418840039249616
3.203487113036076,3.904664942850298
-6.735272433096991,-6.262782992405448
-3.5698265464941095,9.198756255332954
1.3368854471248195,4.848550893548299
-2.301380512031332,9.476666983872926
-6.555079000215463,-6.940395324614911
-9.241269395784164,9.326348745845975
-9.588110049870824,7.354832175751704
-7.912123229492013,-7.341576246351737
-8.166579219118763,8.620459786164249
5.615313378834854,2.7287242942490666
3.658014016347934,4.4840344147632845
-11.047376834233985,5.788030555415862
4.057442578833177,2.071418651204319
5.068297419386158,1.141678169627947
-7.729495333587729,7.1016403517671165
2.812553362071572,6.573697002440529
-4.855057229064192,-5.822141884936606
3.4701109946742035,3.1811287507362254
-3.0842067084670983,8.791495356201741
-4.8117230814116,8.982469477659262
-5.883224211298176,-7.907410184366587
1.401554094743729,5.852668484143605
-1.1188829282438653,8.029467346176268
-5.652891747960443,10.00056913344859
-7.79553817900229,-9.04596811407337
4.977069077510141,1.2259302601560194
-7.972321279784128,5.968660790038028
-4.438177504526223,9.235846758437086
-6.105176051649093,-5.237751724237128
-2.200137154185433,8.92495102927892
-2.3990846912101476,6.629203430677251
1.923718820793093,5.502206553826662
4.780977983207276,3.726045283393318
2.8166348770832856,1.3920887965012305
3.8263781969847566,5.214286304611715
-4.207642513513247,8.50951174087989
-8.63328923088248,7.102742911875488
-8.12660624707395,6.952067188321915
-6.8397584232809185,8.54076699352046
3.5292075855524008,3.087922793257504
-8.72298282430683,6.7687925690526525
7.186466272643261,3.212127996602108
1.7571432262685789,4.193714562714346
-2.503061475081797,8.732781568148145
-3.9935384761064485,7.42973819249719
-8.512433152001563,5.791424624514332
2.1210410219946847,5.440028005999331
-3.351661335705573,8.621091552281
-2.2585613090470438,6.662681979542591
-9.467752076171738,7.910772388972205
1.9806783700000383,4.442509234964734
1.6529663529205747,4.424431949117635
-7.464754660038262,-7.399179418659491
2.8405700224157493,6.377500346804149
-8.092155801975375,5.439253251630156
5.630378455013737,2.949381247141498
6.206453404813296,1.9983742939000428
0.6750338089894174,4.62034325134177
-7.715513684859057,8.849389029491693
-5.750295992736178,7.394585036316089
-4.521957031651603,-6.837793330909872
-2.9204550428848735,8.05155340513238
-2.2086062026376982,9.430023979594692
-6.57989836086597,8.938026970884676
-2.493595352799262,10.758527020787103
0.12161684668130768,5.073949143294065
-3.1624568924829695,9.14739323585016
4.617059386744875,0.7701344463753614
6.0552069810936455,1.4101589014150862
-2.157510655094333,8.15706442656668
-9.133219433539143,6.996254631801499
4.717014859142656,0.6798759504255647
3.3587343209689884,1.8023143019151797
-4.16240086460126,7.888896080300174
-3.2299640509553162,8.664253628446389
1.3515940181382695,4.614105805998334
-8.832678116611065,-6.822407657282288
5.0129679149457065,3.7435971442801943
-8.927647871556065,8.068329432559517
-7.515936333198199,-7.83155699199076
-2.702740477051961,9.499147156375768
-6.4342521431057,-7.604891817334932
-10.025853540946308,7.172578611379126
-10.456150263162867,8.21543982832596
-3.697841213209576,8.334728852674996
-9.325376633364694,-8.089813166376832
4.614796923471124,2.1139625439112706
2.222042884719843,4.752393072730688
-7.166364847390962,-7.969185987725864
-9.693742695848607,7.451239188728979
-3.4491015738562347,8.62781230875151
3.9326411278950477,2.9926922003659615
1.9825478674156192,6.3149209921422536
-9.845600591304017,-7.836383899840519
4.099800270453009,2.7205896027577303
-2.7400307807900974,9.376142938998656
-7.571752787833269,-5.9736401222850395
-3.794268620726085,9.593253026490144
1.4868801150064401,1.8940026787862716
3.310658334695902,2.9296331966276368
-4.283424011493663,8.150473078124671
0.8173313147616943,3.240094477795955
6.36940678310744,0.25013510252540483
5.324947449059902,3.3358484521574505
-1.2095361312424178,10.278848590640205
0.367117161246743,3.284335507990606
-3.6788156273255357,9.958787652689264
-9.160994185301806,5.995691825008699
-6.77571944618379,-7.066922275746442
5.027141108633809,0.9804925516779445
-2.777352965443771,9.871086721108831
4.0746328694861145,2.2516296087698957
-9.115449192886423,8.158970553274806
-3.325227288946939,9.292990564791525
-3.783962079524076,9.58259704496054
3.561781230610072,2.5634726897485387
3.8793064764602496,6.316504763635535
-1.9413124735644964,8.926891433010073
-2.197338269954642,9.952473574331094
-2.4369213711235185,11.970176663180665
4.390132135799371,1.3815685623501326
0.1916700297544891,3.3311618720634155
-9.526722164892293,6.667292186010233
-3.9387618196959284,9.802150458558916
-7.209689227733243,-9.642414990958649
4.723641338216124,1.5107933677066199
-2.111681505368473,10.184940280745153
-9.977606423234342,10.482381393303573
7.212611743418492,2.7338725107223456
-9.360557711199121,-6.987053640691292
2.2723596044012386,1.7113697138117603
3.0555989878033305,4.170920202965956
-7.430860270599563,-7.899922836633697
-10.135603749755887,8.06264564383182
-2.8267858229382976,12.278489128105864
-3.724594967454059,9.39138292731265
4.756273994219363,2.6873581144650283
-11.336643046096476,9.359270557446749
4.336797054556309,0.47582986558291274
-8.804345705279458,7.359230282893598
-4.90566593494973,-7.178952840743601
-8.771457861889576,8.636552737663841
5.296395693632147,1.7305385010200591
-5.634579258041791,-7.492129271901643
4.509366658079872,2.455223750459462
7.223697785241969,1.0523526084750725
-8.062498446753922,-6.275253774654534
-3.4793899465245754,8.412177675896878
5.686663600292915,2.193180090826754
-8.877631680895208,6.6714131901381855
-8.261116678551954,7.592183744633661
-6.418748652424101,-6.919343290988858
5.172462150003575,2.902730548055936
-6.383505307282829,-4.627954618206267
-9.24955286953243,6.877793876303754
-8.923686118377455,-6.946766831951889
-6.889194360731211,-5.104176626607916
4.7570901544867,1.0455579433141722
2.796881252233466,6.75735722388746
2.7060209711428205,4.698701827941687
-5.4644705702746785,-6.7990874155838155
5.4680516262814365,1.4917051176777285
5.388822616690687,2.7271842950578677
2.0567940223859567,5.695593791049667
-8.124322576343017,-7.108516006976276
4.646171275889921,2.0295463964584224
3.3023098623711604,5.564606264455716
0.28468355436468284,1.5228844079768105
-10.706282764864694,8.05073485711347
-6.596889721420991,-5.955071360611586
2.433570650517421,4.70955541890545
1.0234735471391012,4.7271502235845935
-8.625086555516106,5.7211096850465815
-9.529093148121339,7.469934693073137
2.0938566787683848,3.3851274226742203
5.463391064677517,0.03791063851315002
2.723014057255332,3.7303010469764373
5.028878459214232,1.8169980186995105
0.39047286568827255,5.056955835153573
-2.9797274068113393,7.258068190439779
4.069944462834954,1.1891746048522778
2.0025927595768733,5.587523484058609
3.6492822000770877,1.58750667395714
-6.48085037677576,-7.778293437143811
4.6176630730372334,1.626779317236566
7.417469116236312,-0.2675485471693655
6.758423924565418,2.4591477370938786
-5.8843404937310835,-9.53347196408541
-3.612506704133314,10.874207414219368
-9.027937234930798,6.811265631561799
-3.072566886174693,9.66535818050148
3.7777457707251783,1.7170331018865153
-7.6618305205138615,-6.8232311876962495
-6.406284620297314,-7.385290970260262
6.035675338814053,1.9854493571642364
-8.882913528496916,-6.2280773624200245
1.40116667602077,4.429997097887587
5.054619145912522,3.524409028416524
-5.672075820093942,-7.572379836703725
3.0068788523010124,4.7701803932496665
-1.5227254310593623,11.290437707383058
-6.187140638534622,-7.123764056527538
5.24586357100465,3.0120759169448776
2.5841174013190487,3.5978165329392273
-3.8903899159595134,9.465123750213127
-6.473431502157974,-7.378455089956908
-8.502365405052226,5.972936058740651
0.5204529258356427,5.89396908080882
5.810022516329402,1.7967008261381656
-6.5679601890854915,-7.965289543401237
-7.014420850780266,-7.145273112715814
4.730844306060573,1.160575630126198
3.882900826241068,2.96342670703436
-3.836799591859984,7.578838179301517
-8.44696812994547,5.822186623836339
5.7193986867480024,2.3419291089926633
-8.600626043714584,7.150290421189972
-7.459199765093199,6.4797112053476384
6.598772400946063,0.2570000303879729
0.820356222990277,3.824131204457763
-7.516228568283903,-7.571091482049563
2.7310860316949466,5.491895852620398
2.8601682112004836,4.633634018427008
-9.590688225981332,9.498461185095017
-10.386280836325275,5.769428389022364
3.0965320988974545,4.923657717939272
-3.1449098675731966,9.630207047934348
-8.821612606340475,7.2945728109667
2.3653387037340616,4.5627997039053385
-8.246346275578944,7.545326263932552
-3.065298854427705,8.455410423914014
-10.527341790297395,6.390142890389653
1.9741106940909636,2.444521433379251
-5.836100087024478,-5.253344162710006
2.793567546705228,5.7564345920798266
-7.655514652242302,-8.17796719761322
-1.8911553024023586,9.630829269292972
-2.4281637774272418,7.304588304742174
-6.857525136123808,-4.868384818545607
-8.701254578241564,7.503885029252956
-7.0080636230967395,-8.122400380179196
-9.359723229554788,6.952516367336336
-2.0968556755705965,6.898637941763041
-1.4107150818102612,9.408787459789943
-2.647975561918639,8.652961693491175
-7.0331283009281895,-8.026758121996458
2.464708205511657,3.689444981128076
-6.243862177652931,-5.150227248486466
6.160172215252048,1.1239663251981953
-7.930369095212979,-8.53946927043315
7.267642356089308,1.0032117415145503
-9.572149120226348,5.6355295992808365
3.680891024109208,4.93990342102848
-7.2034771135033155,-8.054626052214715
-6.113316240618421,-8.873933667998699
-10.171018771195005,9.42624744760705
-1.5329769622091465,7.5372489484775755
-7.719297800742373,-6.6233337003948805
-8.883489399545828,8.647485173918529
3.688853950108861,1.8354859541804531
-7.590499900237913,-7.916898516891726
3.7124885787830153,1.6889873558527213
-2.43934716091755,7.6427217708015736
5.263094653317508,3.812456379543825
-0.24577454160011403,9.223779503596528
4.378661392355437,3.2917019063253603
-3.061964148204495,10.282832799661021
-7.98902543408944,6.648562784425582
-7.603340991845238,7.890639894394354
-6.439709295835052,-8.007965336868773
-4.579099022068389,8.339541093109155
-6.3048514002555995,-6.479715066931608
3.2605136822265375,2.3787791082765426
-1.271998196057609,10.131822271137759
3.432657978428459,0.5161433485954534
-7.20291539248474,-6.019058886320792
-10.37484297963155,9.429275933879941
-8.707054003110139,8.194442864177134
-7.343025525638856,4.835454636608924
-8.922526610386386,5.3303697952795135
-9.49223066080675,7.802486252721188
-4.406729681292886,-4.773700582344102
1.4349729038423091,5.414444608403795
-2.2522851300965057,7.519399593743936
-2.404741141166945,8.65547730763928
1.7328169654365797,4.583918031738065
-6.025689337444602,-8.229680103481389
0.40895962162304333,3.059069220139871
4.111825452191721,2.1300583766840417
-1.8049691104924257,11.642832879170296
-9.486039373007245,6.389557245015928
-10.869285312293794,9.158983298851439
-8.585106795992868,7.207467181254232
-2.7728038884577644,9.442821214012417
6.173076711174211,1.2632840173377362
-5.609517806931764,-8.990596976983683
1.7980542618705448,3.633774285991899
1.907945595999833,4.496277386845316
-3.5766149386033783,8.035313786239795
-7.808174230075558,-8.373695237249647
-9.786897103170384,7.889284944061898
-6.120288951823729,-4.155278163910672
6.381251165582151,3.12429467524298
-6.926503804668734,6.710064103781281
3.1995231477611696,1.571768200931594
-7.496267491955303,-8.151165819542689
-8.322785893676908,7.572748140094436
5.669070384070524,1.7812434479846195
-9.274662411292637,7.255188167033422
-8.807362775460357,-6.635953230235279
-2.5508517466990424,7.611872483054883
3.6450848231216146,1.3009524357043687
3.1268180910260472,3.074604020406463
-6.786785221974128,-7.913650634869863
-10.972792055321145,9.118776089285722
-3.5162586509199163,8.643231277176865
-7.712387189464813,6.704269241637855
2.25812563850594,5.012256065027124
-1.7583968057347428,7.985697060498783
-3.2312455577280264,11.237019949609046
2.314861091389614,3.4845571990368347
4.1795240670836025,4.93046298944132
-1.5221437285289234,7.5492737482330945
-8.603313450518792,6.149475582360665
2.0912039670563334,1.3422636579238187
-5.971240851176848,-7.986707982289097
3.5275622703344016,1.9017392566665718
-2.2188428971735092,6.718349834608964
3.701526758767378,5.271011975416231
3.91778680974103,3.534019523336987
-2.120296859778996,8.552187391698741
-10.052853006948212,5.33769490925978
-7.837621171177325,7.8745390105728275
-8.382090335428854,8.05622580983929
-7.178384169326158,-5.71422445213072
-2.1771686638567274,10.00690602704155
3.4563561895739863,2.3336272701803793
-0.7504191003468854,8.743354567614478
-8.079438469769386,8.49058825505078
-6.8214012376174775,-7.877249732969192
3.7815143851161395,2.788686982662343
-9.149837378272336,5.519751371756976
